x,y,score,orientation,width,height,template_id,band_id,cpin
6613,5433,0.9999943375587463,V,30,40,0,-1,
5849,4227,0.9999932646751404,H,40,30,0,-1,
5935,5382,0.9999921917915344,H,40,30,3,-1,
3280,5464,0.999991238117218,V,30,40,5,-1,
5585,5590,0.9999908804893494,V,30,40,3,-1,
7595,4684,0.9999901652336121,V,30,40,1,-1,
2153,6837,0.9999899864196777,H,40,30,7,-1,BA7_1
4818,6637,0.9999895095825195,V,30,40,4,-1,
6179,5425,0.9999889731407166,H,40,30,1,-1,
3701,5597,0.9999876618385315,H,40,30,8,-1,
7859,4634,0.9999876022338867,H,40,30,6,-1,
5666,6302,0.9999864101409912,H,40,30,4,-1,
3962,6351,0.9999858140945435,V,30,40,9,-1,
7645,6558,0.9999832510948181,H,40,30,5,-1,
3536,5418,0.9999831318855286,V,30,40,6,-1,
8280,7018,0.999975860118866,V,30,40,7,-1,
8619,5022,0.9999753832817078,V,30,40,8,-1,
7980,3387,0.9496281147003174,V,30,40,3,-1,
5842,5547,0.9460617899894714,V,30,40,3,-1,
7945,5724,0.9450953602790833,H,40,30,5,-1,
8618,6311,0.94495689868927,V,30,40,0,-1,
3790,6509,0.9396288394927979,V,30,40,3,-1,
7594,6639,0.9378727078437805,V,30,40,3,-1,
4097,2771,0.9372925162315369,H,40,30,0,-1,
3747,4305,0.9358636736869812,V,30,40,3,-1,
3876,4305,0.9354634284973145,V,30,40,3,-1,
7474,5767,0.9350305199623108,H,40,30,5,-1,
4861,5632,0.9346021413803101,V,30,40,3,-1,
6107,5681,0.9344756603240967,H,40,30,5,-1,
6363,2814,0.93437260389328,H,40,30,0,-1,
7773,2815,0.9341121912002563,H,40,30,0,-1,
5245,5632,0.9333943128585815,V,30,40,3,-1,
7937,4221,0.9332587718963623,V,30,40,3,-1,
8280,3473,0.9329028129577637,V,30,40,3,-1,
4525,5018,0.9325481057167053,H,40,30,0,-1,
7034,6174,0.9325083494186401,H,40,30,1,-1,
6955,3215,0.9321940541267395,V,30,40,3,-1,
6699,4306,0.9321256279945374,V,30,40,3,-1,
4655,4310,0.9313839673995972,H,40,30,5,-1,
7546,7009,0.9311840534210205,H,40,30,1,-1,
8023,5012,0.931150496006012,V,30,40,3,-1,
4855,6087,0.9311076402664185,H,40,30,1,-1,
5928,5690,0.9311043620109558,V,30,40,0,-1,
3701,5555,0.9310076236724854,H,40,30,8,-1,
4355,6557,0.9308384656906128,H,40,30,5,-1,
5880,4634,0.930120050907135,H,40,30,4,-1,
6919,5768,0.9300690293312073,H,40,30,0,-1,
8109,4221,0.9287149906158447,V,30,40,3,-1,
4011,2857,0.9282475709915161,H,40,30,0,-1,
5203,4305,0.9281333684921265,V,30,40,3,-1,
7766,3387,0.9278180599212646,V,30,40,3,-1,
3747,3558,0.9277302026748657,V,30,40,3,-1,
7602,2856,0.9275504946708679,H,40,30,5,-1,
5628,4969,0.9275317192077637,V,30,40,3,-1,
7344,6603,0.927285373210907,H,40,30,0,-1,
8317,3564,0.9272750616073608,H,40,30,4,-1,
8066,6467,0.9269995093345642,V,30,40,3,-1,
5636,6600,0.926996648311615,H,40,30,5,-1,
8232,6646,0.9267867207527161,H,40,30,4,-1,
6613,6638,0.926783561706543,V,30,40,3,-1,
7503,6088,0.9266692996025085,H,40,30,1,-1,
4690,5632,0.926534116268158,V,30,40,3,-1,
7423,2851,0.9264354705810547,V,30,40,3,-1,
7119,6603,0.9262468814849854,H,40,30,4,-1,
6149,3393,0.9261738657951355,H,40,30,0,-1,
7338,4642,0.9261566996574402,V,30,40,0,-1,
6698,5433,0.9260008931159973,V,30,40,0,-1,
7290,4313,0.9259942770004272,H,40,30,4,-1,
5457,4306,0.9258875846862793,V,30,40,3,-1,
5500,4306,0.9257606863975525,V,30,40,3,-1,
5665,3178,0.9256355166435242,H,40,30,1,-1,
5800,4306,0.9254310727119446,V,30,40,3,-1,
8237,2851,0.9254044890403748,V,30,40,3,-1,
7847,6431,0.925358772277832,H,40,30,4,-1,
7809,4969,0.9252803325653076,V,30,40,3,-1,
5752,6602,0.9251468777656555,H,40,30,4,-1,
5581,6559,0.9251257181167603,H,40,30,4,-1,
6150,5016,0.9250485897064209,H,40,30,5,-1,
6949,5425,0.9249860644340515,H,40,30,1,-1,
7644,3564,0.9249598383903503,H,40,30,0,-1,
4255,3349,0.9249380826950073,H,40,30,1,-1,
7473,2858,0.9246684312820435,H,40,30,0,-1,
6106,6645,0.9245560169219971,H,40,30,0,-1,
5977,4975,0.9245296120643616,H,40,30,0,-1,
4689,3513,0.9245213866233826,V,30,40,3,-1,
6265,3392,0.9240667819976807,H,40,30,1,-1,
6565,5768,0.9238278269767761,H,40,30,4,-1,
7723,3516,0.9238259196281433,V,30,40,3,-1,
3493,3314,0.9236680269241333,V,30,40,0,-1,
5282,4720,0.923628568649292,H,40,30,4,-1,
3870,6087,0.9234380125999451,H,40,30,1,-1,
5414,6638,0.9232173562049866,V,30,40,3,-1,
7632,4634,0.9231675863265991,H,40,30,1,-1,
7387,4976,0.9231661558151245,H,40,30,0,-1,
4268,5467,0.9227968454360962,H,40,30,0,-1,
7637,3978,0.9227293133735657,V,30,40,0,-1,
8533,3016,0.9225074648857117,V,30,40,0,-1,
6399,3472,0.9224401116371155,V,30,40,3,-1,
8060,5726,0.9223482012748718,H,40,30,1,-1,
8575,5434,0.9220910668373108,V,30,40,0,-1,
5636,5766,0.9218906164169312,H,40,30,5,-1,
6192,5511,0.9218637347221375,H,40,30,0,-1,
6656,6424,0.9218440651893616,V,30,40,3,-1,
8189,4634,0.9217199087142944,H,40,30,1,-1,
8661,5434,0.9215893745422363,V,30,40,0,-1,
6485,4263,0.9214837551116943,V,30,40,3,-1,
4226,3560,0.9213261604309082,H,40,30,5,-1,
4685,4269,0.921216607093811,H,40,30,4,-1,
7344,5019,0.9210618138313293,H,40,30,0,-1,
9427,6669,0.9209334850311279,H,40,30,8,-1,EV245_N
9427,5465,0.920722246170044,H,40,30,8,-1,OV3
5245,3229,0.9207207560539246,V,30,40,0,-1,
5928,6638,0.920641303062439,V,30,40,3,-1,
7674,5382,0.9204976558685303,H,40,30,1,-1,
8189,4271,0.9204959869384766,H,40,30,4,-1,
6779,6645,0.9204805493354797,H,40,30,4,-1,
4996,2857,0.9202799797058105,H,40,30,0,-1,
7417,5425,0.9201474785804749,H,40,30,1,-1,
4389,4925,0.9200759530067444,V,30,40,3,-1,
7045,5062,0.9198169708251953,H,40,30,0,-1,
7594,3964,0.9196279048919678,V,30,40,3,-1,
7730,4313,0.9196104407310486,H,40,30,0,-1,
3876,3557,0.9192671775817871,V,30,40,3,-1,
5379,5680,0.9191815853118896,H,40,30,5,-1,
6266,6259,0.9187135100364685,H,40,30,4,-1,
7594,3473,0.9183109402656555,V,30,40,3,-1,
8066,5633,0.9180863499641418,V,30,40,3,-1,
5464,6559,0.9180850982666016,H,40,30,0,-1,
6020,3479,0.9179251790046692,H,40,30,0,-1,
6963,2856,0.9179040193557739,H,40,30,5,-1,
7161,4013,0.917750358581543,H,40,30,1,-1,
7295,6467,0.917722761631012,V,30,40,3,-1,
8532,4685,0.9176559448242188,V,30,40,0,-1,
6266,5018,0.9174351692199707,H,40,30,4,-1,
7601,5769,0.917393147945404,H,40,30,0,-1,
7047,4227,0.9173903465270996,H,40,30,0,-1,
5671,2850,0.9173521995544434,V,30,40,3,-1,
7730,2858,0.917273759841919,H,40,30,0,-1,
4813,5060,0.917183518409729,H,40,30,4,-1,
7252,2851,0.9169173836708069,V,30,40,3,-1,
4054,3520,0.9168860912322998,H,40,30,0,-1,
7005,4270,0.9167061448097229,H,40,30,0,-1,
6833,4763,0.9166313409805298,H,40,30,0,-1,
5329,4306,0.9166165590286255,V,30,40,3,-1,
7889,3885,0.9165711998939514,H,40,30,4,-1,
7675,4976,0.9163458347320557,H,40,30,4,-1,
6137,3178,0.9163396954536438,H,40,30,1,-1,
3918,5732,0.9161994457244873,V,30,40,0,-1,
7894,4064,0.9161555171012878,V,30,40,0,-1,
4518,5589,0.9161076545715332,V,30,40,3,-1,
5111,5382,0.916037380695343,H,40,30,1,-1,
4384,5060,0.9160163998603821,H,40,30,1,-1,
7460,3884,0.9160042405128479,H,40,30,1,-1,
3712,3969,0.9159449338912964,H,40,30,0,-1,
5794,6645,0.9159060716629028,H,40,30,4,-1,
4732,4063,0.9157466888427734,V,30,40,0,-1,
5507,3179,0.9156910181045532,H,40,30,0,-1,
5506,6645,0.9154471755027771,H,40,30,0,-1,
7687,6646,0.9153876900672913,H,40,30,0,-1,
5892,2857,0.9149412512779236,H,40,30,0,-1,
4390,3556,0.9149398803710938,V,30,40,3,-1,
6742,5504,0.9149263501167297,V,30,40,3,-1,
5807,5059,0.9148843884468079,H,40,30,5,-1,
6870,5761,0.9147769808769226,V,30,40,3,-1,
3364,5464,0.9147696495056152,V,30,40,0,-1,
8061,5769,0.9147421717643738,H,40,30,4,-1,
8618,5141,0.9147281050682068,V,30,40,0,-1,
5373,3471,0.9145921468734741,V,30,40,3,-1,
3790,6352,0.9145278930664062,V,30,40,0,-1,
5209,5682,0.9145102500915527,H,40,30,0,-1,
5537,6965,0.9143999814987183,H,40,30,1,-1,
7895,4221,0.9143553376197815,V,30,40,3,-1,
7894,3273,0.9142764806747437,V,30,40,0,-1,
8703,5969,0.9141917824745178,V,30,40,0,-1,
5451,6216,0.9139308333396912,H,40,30,1,-1,
8108,5012,0.9139305353164673,V,30,40,3,-1,
6608,6559,0.9139245748519897,H,40,30,1,-1,
8108,4064,0.9138638377189636,V,30,40,0,-1,
4733,2807,0.9137433171272278,V,30,40,3,-1,
7644,4313,0.91364985704422,H,40,30,0,-1,
8618,5434,0.9133882522583008,V,30,40,0,-1,
6051,2857,0.9133832454681396,H,40,30,4,-1,
6736,5596,0.9133076667785645,H,40,30,1,-1,
5081,3478,0.913174569606781,H,40,30,0,-1,
7846,3927,0.9127373695373535,H,40,30,1,-1,
5074,4926,0.9126541018486023,V,30,40,3,-1,
3961,6509,0.912578284740448,V,30,40,3,-1,
5112,3178,0.9125047326087952,H,40,30,1,-1,
6993,2687,0.9124014377593994,H,40,30,4,-1,
6137,4270,0.9123538732528687,H,40,30,4,-1,
7945,2856,0.9122127890586853,H,40,30,5,-1,
4561,6138,0.9121246933937073,V,30,40,0,-1,
6485,3472,0.912113606929779,V,30,40,3,-1,
5537,5725,0.9121056795120239,H,40,30,1,-1,
4255,5595,0.9120215773582458,H,40,30,1,-1,
4989,6552,0.9120035767555237,V,30,40,3,-1,
7987,2644,0.9119409322738647,H,40,30,0,-1,
4685,6645,0.9118210673332214,H,40,30,4,-1,
7332,3884,0.9117876291275024,H,40,30,1,-1,
7294,6610,0.9116451740264893,V,30,40,0,-1,
3797,4719,0.9116412997245789,H,40,30,0,-1,
4903,4726,0.9115820527076721,V,30,40,0,-1,
4225,5017,0.9115727543830872,H,40,30,0,-1,
4861,4262,0.9114611744880676,V,30,40,3,-1,
3705,4305,0.9114523530006409,V,30,40,3,-1,
5928,5054,0.9114159345626831,V,30,40,3,-1,
6828,4306,0.9111936092376709,V,30,40,3,-1,
6179,5768,0.9111291170120239,H,40,30,1,-1,
5329,4106,0.911121129989624,V,30,40,0,-1,
4518,3556,0.9109985828399658,V,30,40,3,-1,
8575,3016,0.9109424352645874,V,30,40,0,-1,
5923,3350,0.9108452200889587,H,40,30,4,-1,
4984,6088,0.9106988906860352,H,40,30,4,-1,
8447,5141,0.9106048345565796,V,30,40,0,-1,
5282,5767,0.9104925394058228,H,40,30,4,-1,
8103,6088,0.910492479801178,H,40,30,1,-1,
4355,5016,0.9104088544845581,H,40,30,5,-1,
3704,4063,0.9103250503540039,V,30,40,0,-1,
5671,4306,0.9102669358253479,V,30,40,3,-1,
7259,6517,0.910244345664978,H,40,30,0,-1,
4398,6643,0.909803569316864,H,40,30,5,-1,
4097,3478,0.9097037315368652,H,40,30,0,-1,
5457,4106,0.9096827507019043,V,30,40,0,-1,
8575,5969,0.9096716046333313,V,30,40,0,-1,
7302,5062,0.9095710515975952,H,40,30,0,-1,
4732,6466,0.9095298051834106,V,30,40,3,-1,
4342,4312,0.9093701839447021,H,40,30,4,-1,
4011,3562,0.9091612696647644,H,40,30,0,-1,
8704,6803,0.9090647101402283,V,30,40,0,-1,
4953,5767,0.9090412855148315,H,40,30,0,-1,
7804,4313,0.9089163541793823,H,40,30,4,-1,
4642,6602,0.908819317817688,H,40,30,4,-1,
5117,5026,0.9087381958961487,V,30,40,0,-1,
7937,5055,0.9085529446601868,V,30,40,3,-1,
4471,6559,0.9084827899932861,H,40,30,4,-1,
7337,3230,0.9083362221717834,V,30,40,0,-1,
3840,5639,0.908141016960144,H,40,30,0,-1,
5678,3564,0.9079009294509888,H,40,30,0,-1,
6107,4973,0.9077706336975098,H,40,30,5,-1,
6662,4677,0.9077164530754089,H,40,30,0,-1,
4175,6638,0.907706618309021,V,30,40,3,-1,
3754,2857,0.9075239896774292,H,40,30,0,-1,
7675,3179,0.9071519374847412,H,40,30,4,-1,
7040,3272,0.9071366190910339,V,30,40,0,-1,
7980,3273,0.9071277976036072,V,30,40,0,-1,
7216,3480,0.9069792628288269,H,40,30,0,-1,
9427,5814,0.9069622159004211,H,40,30,8,-1,IV3_N
5240,3564,0.9067070484161377,H,40,30,4,-1,
5117,4106,0.9064207673072815,V,30,40,0,-1,
7039,3530,0.9060974717140198,V,30,40,0,-1,
5032,6552,0.9060968160629272,V,30,40,3,-1,
4696,5382,0.905913233757019,H,40,30,0,-1,
4518,2807,0.9058801531791687,V,30,40,3,-1,
6480,4013,0.9057961106300354,H,40,30,4,-1,
5923,2814,0.9053865075111389,H,40,30,4,-1,
3450,3892,0.9053779244422913,V,30,40,0,-1,
6394,2857,0.9051781892776489,H,40,30,4,-1,
3449,7240,0.9051427245140076,V,30,40,0,-1,
8030,3563,0.905129611492157,H,40,30,6,-1,
3747,5053,0.9048968553543091,V,30,40,3,-1,
7890,2815,0.9048669338226318,H,40,30,4,-1,
9684,3030,0.9048182964324951,H,40,30,8,-1,BRFVH
8109,2851,0.9047327637672424,V,30,40,3,-1,
4861,4020,0.9046576023101807,V,30,40,0,-1,
7932,6603,0.9046213030815125,H,40,30,4,-1,
7161,6131,0.9045937061309814,H,40,30,1,-1,
8066,6353,0.9045913815498352,V,30,40,0,-1,
7902,3179,0.9045711159706116,H,40,30,3,-1,
6664,6643,0.9044984579086304,H,40,30,5,-1,
5069,5060,0.9044745564460754,H,40,30,1,-1,
4518,6352,0.9042543768882751,V,30,40,0,-1,
8703,5141,0.9041980504989624,V,30,40,0,-1,
6314,4306,0.9041036367416382,V,30,40,3,-1,
7680,4727,0.9037874937057495,V,30,40,0,-1,
6309,5061,0.9037021398544312,H,40,30,4,-1,
4011,4312,0.9036757946014404,H,40,30,0,-1,
7466,4264,0.9033995866775513,V,30,40,3,-1,
7932,4634,0.9033427238464355,H,40,30,1,-1,
8662,6803,0.9032951593399048,V,30,40,5,-1,
7681,4192,0.9032426476478577,V,30,40,0,-1,
6779,3564,0.903167724609375,H,40,30,4,-1,
8618,5969,0.9031177163124084,V,30,40,0,-1,
7174,5060,0.9031139612197876,H,40,30,5,-1,
5031,6395,0.9030492901802063,V,30,40,0,-1,
5155,2814,0.9030469059944153,H,40,30,4,-1,
6955,3315,0.9028767943382263,V,30,40,0,-1,
8447,5434,0.9027223587036133,V,30,40,0,-1,
7333,4228,0.902449905872345,H,40,30,4,-1,
5039,2814,0.9023016095161438,H,40,30,0,-1,
9684,3753,0.9022229313850403,H,40,30,8,-1,BRD
6022,4268,0.9022154211997986,H,40,30,5,-1,
6736,4719,0.9021840691566467,H,40,30,4,-1,
4482,5060,0.9021812677383423,H,40,30,0,-1,
4047,6638,0.902014434337616,V,30,40,3,-1,
4175,5010,0.9015380144119263,V,30,40,3,-1,
4813,4269,0.9014121890068054,H,40,30,4,-1,
6020,5061,0.9013386368751526,H,40,30,0,-1,
6236,5766,0.9012836217880249,H,40,30,5,-1,
7590,3222,0.9012154340744019,H,40,30,4,-1,
8146,5382,0.9010822176933289,H,40,30,1,-1,
4218,6138,0.9010012745857239,V,30,40,0,-1,
4856,4975,0.9009984731674194,H,40,30,4,-1,
6407,5723,0.9009804725646973,H,40,30,5,-1,
5799,2765,0.9008728861808777,V,30,40,3,-1,
4941,3220,0.9008057117462158,H,40,30,1,-1,
8576,7017,0.9007739424705505,V,30,40,5,-1,
6656,4969,0.9007580280303955,V,30,40,3,-1,
6961,4634,0.9006021618843079,H,40,30,0,-1,
3797,5767,0.9004138708114624,H,40,30,0,-1,
5457,5012,0.9002435207366943,V,30,40,3,-1,
3785,6965,0.9000766277313232,H,40,30,1,-1,
3961,4063,0.8997283577919006,V,30,40,0,-1,
4861,4640,0.8996000289916992,V,30,40,1,-1,
8365,3273,0.8995931148529053,V,30,40,0,-1,
7774,5724,0.8994072079658508,H,40,30,5,-1,
4047,5460,0.89939945936203,V,30,40,3,-1,
6827,6638,0.8991588354110718,V,30,40,3,-1,
4041,6130,0.8991395831108093,H,40,30,1,-1,
8323,6639,0.8989058136940002,V,30,40,3,-1,
6608,5682,0.8988296389579773,H,40,30,4,-1,
5579,5425,0.8987401127815247,H,40,30,1,-1,
4475,5718,0.8986915349960327,V,30,40,3,-1,
5287,5012,0.8986245393753052,V,30,40,3,-1,
9684,4610,0.8985825777053833,H,40,30,8,-1,BMREQ
5198,3927,0.8984169960021973,H,40,30,4,-1,
5081,5725,0.8984050154685974,H,40,30,0,-1,
6277,5725,0.898399293422699,H,40,30,0,-1,
4813,3563,0.8982297778129578,H,40,30,4,-1,
4740,3518,0.8979688286781311,H,40,30,5,-1,
4867,3563,0.8978387117385864,H,40,30,0,-1,
3407,7240,0.8978175520896912,V,30,40,0,-1,
4097,4226,0.8977892398834229,H,40,30,0,-1,
4054,5060,0.8977676033973694,H,40,30,6,-1,
7987,5061,0.8976873159408569,H,40,30,6,-1,
4655,3561,0.8976421356201172,H,40,30,5,-1,
5414,5012,0.8975114822387695,V,30,40,3,-1,
3961,4219,0.8974440097808838,V,30,40,3,-1,
6266,3520,0.8973474502563477,H,40,30,4,-1,
5628,4812,0.8973211050033569,V,30,40,0,-1,
8490,5434,0.8972887992858887,V,30,40,0,-1,
6833,5426,0.8972516059875488,H,40,30,0,-1,
5966,4227,0.8971909880638123,H,40,30,4,-1,
5198,5061,0.8969612717628479,H,40,30,4,-1,
5679,5059,0.8967251181602478,H,40,30,5,-1,
5125,3882,0.8966843485832214,H,40,30,5,-1,
8323,4264,0.8966684937477112,V,30,40,3,-1,
6536,4011,0.8965750336647034,H,40,30,5,-1,
6876,6645,0.8962720036506653,H,40,30,0,-1,
5928,4642,0.8962649703025818,V,30,40,0,-1,
3747,5389,0.8961464166641235,V,30,40,0,-1,
6656,2808,0.8961057662963867,V,30,40,3,-1,
8146,3480,0.895717442035675,H,40,30,4,-1,
6485,3358,0.8956674933433533,V,30,40,0,-1,
5542,4306,0.8956255316734314,V,30,40,3,-1,
6094,3883,0.8955166339874268,H,40,30,1,-1,
4342,2857,0.8954485058784485,H,40,30,4,-1,
5414,6353,0.8952516913414001,V,30,40,0,-1,
4610,5768,0.8951739072799683,H,40,30,0,-1,
5536,3564,0.8949207067489624,H,40,30,1,-1,
7567,3068,0.8945940136909485,H,40,30,1,-1,
4817,4641,0.8944553732872009,V,30,40,0,-1,
6313,3401,0.8942756652832031,V,30,40,0,-1,
3882,6644,0.894216001033783,H,40,30,0,-1,
6918,4720,0.8942155241966248,H,40,30,0,-1,
7474,5017,0.8942062258720398,H,40,30,5,-1,
4482,6259,0.8939247727394104,H,40,30,0,-1,
4255,4633,0.8938493132591248,H,40,30,1,-1,
6492,5595,0.8934996128082275,H,40,30,5,-1,
5452,3884,0.8934010863304138,H,40,30,1,-1,
8108,5434,0.8932352662086487,V,30,40,0,-1,
5112,5682,0.8931841254234314,H,40,30,4,-1,
3884,2855,0.8931142687797546,H,40,30,5,-1,
5409,4677,0.8930670619010925,H,40,30,4,-1,
6992,5062,0.8930526971817017,H,40,30,4,-1,
6609,4313,0.8928787708282471,H,40,30,4,-1,
8489,5969,0.892789363861084,V,30,40,0,-1,
8625,6175,0.8926010131835938,H,40,30,0,-1,
5379,3884,0.8924996852874756,H,40,30,0,-1,
7175,5767,0.8924075365066528,H,40,30,5,-1,
8061,2858,0.8919252157211304,H,40,30,4,-1,
6485,6595,0.8915936946868896,V,30,40,3,-1,
6864,5468,0.8914316296577454,H,40,30,1,-1,
4568,4975,0.8912310600280762,H,40,30,0,-1,
4954,3561,0.8911600112915039,H,40,30,5,-1,
5372,4306,0.8909962773323059,V,30,40,3,-1,
4171,2814,0.8909590840339661,H,40,30,4,-1,
4177,5553,0.890913188457489,H,40,30,4,-1,
3955,6644,0.8908342719078064,H,40,30,1,-1,
5464,3927,0.8904615044593811,H,40,30,0,-1,
6694,2857,0.8904032111167908,H,40,30,4,-1,
5325,4633,0.8902284502983093,H,40,30,4,-1,
7988,4312,0.8899447321891785,H,40,30,5,-1,
6357,6595,0.8898850083351135,V,30,40,3,-1,
2423,2454,0.8894967436790466,V,30,40,7,-1,BA13
6485,2765,0.8894363045692444,V,30,40,3,-1,
7816,6601,0.8894128203392029,H,40,30,5,-1,
6870,2851,0.8892130851745605,V,30,40,3,-1,
7761,6560,0.8891799449920654,H,40,30,4,-1,
6570,4684,0.8889552354812622,V,30,40,0,-1,
4518,4262,0.8889182209968567,V,30,40,3,-1,
4775,3934,0.888434648513794,V,30,40,0,-1,
4128,4675,0.8883048295974731,H,40,30,4,-1,
8660,5969,0.8882325887680054,V,30,40,0,-1,
5070,4312,0.888224720954895,H,40,30,4,-1,
6321,5681,0.8880426287651062,H,40,30,5,-1,
5329,5012,0.887957751750946,V,30,40,3,-1,
6528,4263,0.887793779373169,V,30,40,3,-1,
3626,6644,0.887666642665863,H,40,30,0,-1,
7247,3523,0.887311577796936,H,40,30,4,-1,
8318,5062,0.8869984745979309,H,40,30,4,-1,
5372,4106,0.8869165182113647,V,30,40,0,-1,
3704,3314,0.886869490146637,V,30,40,0,-1,
7216,4013,0.8866329193115234,H,40,30,0,-1,
4861,5475,0.8862866163253784,V,30,40,0,-1,
7040,3429,0.8862341642379761,V,30,40,3,-1,
5210,2855,0.8861832022666931,H,40,30,5,-1,
8575,6311,0.8861513137817383,V,30,40,0,-1,
7632,5061,0.8858357071876526,H,40,30,4,-1,
7817,2770,0.885697066783905,H,40,30,5,-1,
4860,5732,0.8856450915336609,V,30,40,0,-1,
5038,6259,0.8856054544448853,H,40,30,0,-1,
7504,3564,0.8854572176933289,H,40,30,4,-1,
6570,3358,0.8852421045303345,V,30,40,0,-1,
8576,3348,0.8851566910743713,V,30,40,6,-1,
4769,4633,0.8850847482681274,H,40,30,1,-1,
6193,2856,0.884941816329956,H,40,30,5,-1,
5507,5768,0.8847290277481079,H,40,30,0,-1,
4689,5518,0.8843826651573181,V,30,40,0,-1,
8194,3935,0.8843622803688049,V,30,40,0,-1,
8108,6596,0.8840124011039734,V,30,40,3,-1,
4384,3263,0.8838191628456116,H,40,30,1,-1,
4132,4811,0.8835864067077637,V,30,40,0,-1,
4384,4226,0.8831148743629456,H,40,30,1,-1,
8490,4685,0.8829362392425537,V,30,40,0,-1,
7851,4941,0.8827733993530273,V,30,40,0,-1,
4641,6473,0.8826911449432373,H,40,30,1,-1,
7975,6646,0.8826899528503418,H,40,30,4,-1,
5499,2850,0.8824461102485657,V,30,40,3,-1,
3444,4739,0.8818482756614685,H,40,30,1,-1,
4055,4267,0.8816356658935547,H,40,30,5,-1,
4861,2807,0.8814091682434082,V,30,40,3,-1,
4989,5011,0.8812701106071472,V,30,40,3,-1,
7974,6217,0.8810234069824219,H,40,30,1,-1,
5709,2772,0.8807008862495422,H,40,30,4,-1,
4226,2855,0.8796894550323486,H,40,30,5,-1,
4732,6309,0.8796482086181641,V,30,40,3,-1,
3493,5418,0.8794769048690796,V,30,40,6,-1,
7595,4192,0.87919682264328,V,30,40,0,-1,
8237,5762,0.8790479898452759,V,30,40,3,-1,
7644,6089,0.8788551688194275,H,40,30,0,-1,
5288,6638,0.8781411051750183,V,30,40,3,-1,
8877,2451,0.8778071403503418,V,30,40,7,-1,RAS1_N
4389,4725,0.8775491714477539,V,30,40,0,-1,
4727,5467,0.8773548603057861,H,40,30,1,-1,
5197,3884,0.8772019147872925,H,40,30,1,-1,
6480,3221,0.8771460056304932,H,40,30,4,-1,
3790,5053,0.8770617842674255,V,30,40,3,-1,
8619,6803,0.8769723773002625,V,30,40,0,-1,
5970,3977,0.876602828502655,V,30,40,0,-1,
3450,3314,0.8764611482620239,V,30,40,0,-1,
7516,5059,0.8763409852981567,H,40,30,5,-1,
5549,3221,0.8761532306671143,H,40,30,0,-1,
4834,3067,0.8757787942886353,H,40,30,1,-1,
4139,3179,0.8756506443023682,H,40,30,0,-1,
7901,6132,0.8754690885543823,H,40,30,0,-1,
9684,2496,0.8752692341804504,H,40,30,8,-1,
7594,3359,0.8752110004425049,V,30,40,0,-1,
5160,6638,0.8751357793807983,V,30,40,3,-1,
6663,6560,0.8750900030136108,H,40,30,0,-1,
7295,5676,0.8749202489852905,V,30,40,3,-1,
3968,3221,0.874759316444397,H,40,30,0,-1,
5836,3563,0.874666154384613,H,40,30,1,-1,
4133,5010,0.8745239973068237,V,30,40,3,-1,
3875,5389,0.8742876648902893,V,30,40,0,-1,
6997,6311,0.874269962310791,V,30,40,0,-1,
7894,4727,0.8742548823356628,V,30,40,0,-1,
4004,5475,0.874149739742279,V,30,40,0,-1,
6534,2858,0.8736104369163513,H,40,30,0,-1,
7937,4064,0.8735536336898804,V,30,40,0,-1,
4427,5382,0.8730775117874146,H,40,30,4,-1,
5837,2643,0.873076856136322,H,40,30,4,-1,
5928,3977,0.8730592727661133,V,30,40,0,-1,
7168,2449,0.8729668259620667,V,30,40,5,-1,CAS2_N
6056,4177,0.872827410697937,V,30,40,3,-1,
5458,2449,0.8727572560310364,V,30,40,7,-1,RA7
5415,4855,0.8726763129234314,V,30,40,1,-1,
8195,5632,0.8723663687705994,V,30,40,8,-1,
6485,4106,0.8723516464233398,V,30,40,0,-1,
8045,6687,0.8722811937332153,H,40,30,5,-1,
8619,5336,0.8722782135009766,V,30,40,8,-1,
4526,6600,0.8717533349990845,H,40,30,5,-1,
4133,2450,0.8710768818855286,V,30,40,5,-1,BA15
5892,4313,0.8710217475891113,H,40,30,0,-1,
7174,4311,0.8709698915481567,H,40,30,5,-1,
7132,4269,0.8708617091178894,H,40,30,5,-1,
3449,7079,0.8705543279647827,V,30,40,0,-1,
3918,4811,0.870186984539032,V,30,40,0,-1,
6180,4313,0.8701454401016235,H,40,30,4,-1,
3494,3888,0.8701128363609314,V,30,40,5,-1,
3849,3772,0.8700245022773743,H,40,30,1,-1,
6437,3563,0.869936466217041,H,40,30,4,-1,
7474,6601,0.8692402243614197,H,40,30,5,-1,
8061,3437,0.8688706159591675,H,40,30,4,-1,
5330,4855,0.8683416843414307,V,30,40,0,-1,
5039,3970,0.868241012096405,H,40,30,0,-1,
6527,4106,0.8678762912750244,V,30,40,0,-1,
7047,4142,0.8678520917892456,H,40,30,0,-1,
6450,5766,0.8669611811637878,H,40,30,5,-1,
6784,5519,0.8669554591178894,V,30,40,0,-1,
7430,3180,0.8665943741798401,H,40,30,0,-1,
6442,5011,0.8665314316749573,V,30,40,3,-1,
6656,4855,0.8665204048156738,V,30,40,0,-1,
5287,4855,0.8657318353652954,V,30,40,0,-1,
6250,4354,0.8657229542732239,H,40,30,5,-1,
5203,4106,0.8657132387161255,V,30,40,0,-1,
4342,3563,0.865530252456665,H,40,30,4,-1,
8109,3921,0.8652029037475586,V,30,40,3,-1,
4432,6138,0.8651240468025208,V,30,40,0,-1,
7204,2858,0.8648545742034912,H,40,30,4,-1,
5421,5640,0.864851176738739,H,40,30,0,-1,
6741,5718,0.8648300170898438,V,30,40,3,-1,
5635,4677,0.8648133873939514,H,40,30,0,-1,
8238,5391,0.8647235035896301,V,30,40,5,-1,
4655,5016,0.8644676804542542,H,40,30,5,-1,
7173,3180,0.8643669486045837,H,40,30,0,-1,
8023,2449,0.8640300035476685,V,30,40,7,-1,CAS1_N
8533,5434,0.8633230924606323,V,30,40,0,-1,
5325,2858,0.8632790446281433,H,40,30,4,-1,
3849,4522,0.8630677461624146,H,40,30,1,-1,
3914,6601,0.8624448776245117,H,40,30,4,-1,
8066,5434,0.8623204827308655,V,30,40,0,-1,
6800,4523,0.861937403678894,H,40,30,1,-1,
4175,6138,0.8615909218788147,V,30,40,0,-1,
3492,7240,0.8615832924842834,V,30,40,0,-1,
2205,8071,0.8613275289535522,V,30,40,8,-1,
5372,2850,0.8610655069351196,V,30,40,3,-1,
5628,3486,0.8606399893760681,V,30,40,0,-1,
6707,6557,0.8604140877723694,H,40,30,5,-1,
4139,5725,0.8601513504981995,H,40,30,0,-1,
4055,2812,0.8599620461463928,H,40,30,5,-1,
3968,5382,0.8597022891044617,H,40,30,0,-1,
7727,3067,0.8594614863395691,H,40,30,5,-1,
6664,4056,0.8593695163726807,H,40,30,3,-1,
5159,4669,0.8592315912246704,V,30,40,3,-1,
4226,4310,0.8587376475334167,H,40,30,5,-1,
4140,4269,0.858532190322876,H,40,30,3,-1,
4953,3927,0.8581734299659729,H,40,30,0,-1,
7558,5426,0.8581390976905823,H,40,30,0,-1,
6321,3927,0.8579928874969482,H,40,30,0,-1,
4727,3926,0.8578919768333435,H,40,30,1,-1,
6535,3561,0.857600212097168,H,40,30,5,-1,
7731,6087,0.856794536113739,H,40,30,5,-1,
5209,4634,0.8562633395195007,H,40,30,0,-1,
6827,5519,0.8552374839782715,V,30,40,0,-1,
6954,3515,0.8551551699638367,V,30,40,3,-1,
8576,4685,0.8550809621810913,V,30,40,0,-1,
4697,3265,0.8549284934997559,H,40,30,0,-1,
5977,5683,0.854435920715332,H,40,30,0,-1,
2153,6151,0.8540100455284119,H,40,30,7,-1,BA6
8288,4634,0.8535782694816589,H,40,30,5,-1,
5032,4262,0.8530727624893188,V,30,40,4,-1,
6920,3926,0.8527956008911133,H,40,30,5,-1,
5112,3521,0.852587878704071,H,40,30,4,-1,
3578,6352,0.8523396253585815,V,30,40,0,-1,
8533,2898,0.8522337675094604,V,30,40,0,-1,
4910,6088,0.8518931865692139,H,40,30,0,-1,
5806,6303,0.8517760634422302,H,40,30,0,-1,
5721,3606,0.8516616225242615,H,40,30,0,-1,
3798,5597,0.851614773273468,H,40,30,7,-1,
6962,4313,0.8511345982551575,H,40,30,0,-1,
4183,4268,0.8498224020004272,H,40,30,5,-1,
7088,6261,0.848739743232727,H,40,30,0,-1,
3494,6262,0.848665714263916,V,30,40,5,-1,
7380,3187,0.8485997319221497,V,30,40,0,-1,
4739,6559,0.8482958674430847,H,40,30,0,-1,
8490,5141,0.8481496572494507,V,30,40,0,-1,
2157,2500,0.8480809926986694,H,40,30,7,-1,CVRVT
8447,5023,0.847797691822052,V,30,40,0,-1,
6193,7009,0.847137451171875,H,40,30,3,-1,
5409,8058,0.8470340371131897,V,30,40,0,-1,
3535,4748,0.8469021320343018,V,30,40,5,-1,
8115,3223,0.8456786274909973,H,40,30,0,-1,
6835,3927,0.8455355763435364,H,40,30,5,-1,
5082,2770,0.8454898595809937,H,40,30,5,-1,
4556,6216,0.8454287052154541,H,40,30,4,-1,
7077,4634,0.8447823524475098,H,40,30,1,-1,
3704,6598,0.8444967865943909,V,30,40,0,-1,
8447,5337,0.844460129737854,V,30,40,0,-1,
3450,4523,0.8440750241279602,V,30,40,0,-1,
5764,4634,0.8440148234367371,H,40,30,3,-1,
3492,7079,0.8433642983436584,V,30,40,3,-1,
3797,6602,0.8433424234390259,H,40,30,0,-1,
3407,7079,0.8432270288467407,V,30,40,0,-1,
6193,3561,0.8429203629493713,H,40,30,5,-1,
8618,6685,0.8421297073364258,V,30,40,0,-1,
6021,3264,0.8419389128684998,H,40,30,3,-1,
8703,4981,0.8419250249862671,V,30,40,0,-1,
7380,3892,0.8416771292686462,V,30,40,0,-1,
7601,3885,0.8416041135787964,H,40,30,0,-1,
5421,5469,0.8413664698600769,H,40,30,0,-1,
5932,5271,0.8407860398292542,H,40,30,5,-1,
3492,5271,0.8407161235809326,V,30,40,0,-1,
8575,6172,0.8397148251533508,V,30,40,0,-1,
8704,6686,0.8396580815315247,V,30,40,0,-1,
3492,5977,0.8394531607627869,V,30,40,0,-1,
6379,5103,0.8390909433364868,H,40,30,1,-1,
8174,3072,0.8390514850616455,H,40,30,1,-1,
4989,6395,0.8379625082015991,V,30,40,0,-1,
8330,6089,0.8378201723098755,H,40,30,3,-1,
6749,6966,0.8378064036369324,H,40,30,3,-1,
3848,3067,0.8377482295036316,H,40,30,1,-1,
6997,6599,0.837216854095459,V,30,40,0,-1,
3712,3884,0.8370394706726074,H,40,30,0,-1,
6987,8057,0.8369174003601074,V,30,40,3,-1,AUXDHC1_N
4304,6637,0.8367993831634521,V,30,40,4,-1,
4455,3603,0.836769163608551,H,40,30,5,-1,
4455,2898,0.8360297679901123,H,40,30,5,-1,
3659,4745,0.835823118686676,V,30,40,5,-1,
4269,7009,0.8354690670967102,H,40,30,3,-1,
4455,4353,0.8327383995056152,H,40,30,5,-1,
8661,6685,0.8326176404953003,V,30,40,0,-1,
8287,5383,0.8310966491699219,H,40,30,3,-1,
8696,8058,0.8310490250587463,V,30,40,0,-1,CPRST_N
3620,5977,0.8310433030128479,V,30,40,1,-1,
3279,5303,0.8306428790092468,V,30,40,0,-1,
9043,8059,0.8302915692329407,V,30,40,0,-1,PBRST
3364,5303,0.830089271068573,V,30,40,0,-1,
6107,6966,0.8300349712371826,H,40,30,3,-1,
6072,5977,0.8296237587928772,H,40,30,1,-1,
7599,6855,0.829481840133667,H,40,30,5,-1,
7060,6687,0.828880786895752,H,40,30,5,-1,
8703,5851,0.8286569118499756,V,30,40,0,-1,
8575,2898,0.8279921412467957,V,30,40,0,-1,
7430,6132,0.8279460072517395,H,40,30,0,-1,
6232,5976,0.8277386426925659,H,40,30,5,-1,
7894,3387,0.8277137279510498,V,30,40,3,-1,
4480,5270,0.8275005221366882,H,40,30,5,-1,
6142,6552,0.8272887468338013,V,30,40,3,-1,
5804,4522,0.8272413611412048,H,40,30,5,-1,
8575,3176,0.8267481923103333,V,30,40,0,-1,
7076,3179,0.8254982829093933,H,40,30,1,-1,
3968,4677,0.8252527117729187,H,40,30,0,-1,
2154,4441,0.8230277895927429,H,40,30,7,-1,BD3
3790,4812,0.8224233388900757,V,30,40,0,-1,
5772,5271,0.8212122917175293,H,40,30,1,-1,
2153,7008,0.8211350440979004,H,40,30,7,-1,BA7_2
8073,6646,0.8206139802932739,H,40,30,6,-1,
8575,5023,0.820598840713501,V,30,40,3,-1,
4728,5725,0.8204321265220642,H,40,30,4,-1,
2153,7951,0.8198074698448181,H,40,30,7,-1,WAIT
8575,5337,0.8194852471351624,V,30,40,0,-1,
5457,4855,0.8194556832313538,V,30,40,0,-1,
3705,7016,0.8192175626754761,V,30,40,5,-1,
8175,2901,0.8186609148979187,H,40,30,4,-1,
7987,3885,0.8180167078971863,H,40,30,0,-1,
5294,4677,0.8179202675819397,H,40,30,0,-1,
6565,2814,0.817203938961029,H,40,30,1,-1,
4926,5101,0.8170431852340698,H,40,30,5,-1,
2153,7994,0.8167774081230164,H,40,30,7,-1,BUVAK
5592,6260,0.8167036175727844,H,40,30,0,-1,
5749,3774,0.816070556640625,H,40,30,0,-1,
6578,3927,0.8158449530601501,H,40,30,3,-1,
4320,5270,0.8154816627502441,H,40,30,1,-1,
3535,5271,0.8153308629989624,V,30,40,3,-1,
3626,6089,0.8152436017990112,H,40,30,0,-1,
8661,5851,0.8146472573280334,V,30,40,0,-1,
4004,7015,0.814337432384491,V,30,40,0,-1,
4455,3776,0.8143199682235718,H,40,30,1,-1,
8490,5337,0.8143163919448853,V,30,40,0,-1,
4308,6854,0.8141250014305115,H,40,30,5,-1,
8576,6685,0.8126376867294312,V,30,40,0,-1,
8533,4321,0.812127411365509,V,30,40,0,-1,
3280,2451,0.8118162155151367,V,30,40,5,-1,BA14
4697,5059,0.8115366101264954,H,40,30,5,-1,
5865,6859,0.8114421367645264,H,40,30,1,-1,
4993,3066,0.8102801442146301,H,40,30,5,-1,
3752,7048,0.8098428249359131,H,40,30,7,-1,
5935,3563,0.809510350227356,H,40,30,0,-1,
3543,3179,0.8089344501495361,H,40,30,0,-1,
7746,5275,0.808716893196106,H,40,30,1,-1,
7902,4314,0.8086283206939697,H,40,30,3,-1,
4755,6858,0.8084346652030945,H,40,30,1,-1,
3798,5553,0.8073564171791077,H,40,30,7,-1,
3450,3773,0.807300865650177,V,30,40,1,-1,
4008,3066,0.8070122599601746,H,40,30,5,-1,
3925,6088,0.8062102198600769,H,40,30,0,-1,
3407,4523,0.8052884936332703,V,30,40,0,-1,
6251,4527,0.80525803565979,H,40,30,1,-1,
5644,4523,0.8052120804786682,H,40,30,1,-1,
8618,5851,0.8045266270637512,V,30,40,3,-1,
5039,6217,0.8041461110115051,H,40,30,6,-1,
4926,5274,0.8040176033973694,H,40,30,1,-1,
7403,4527,0.8037450909614563,H,40,30,1,-1,
5436,2898,0.8034912943840027,H,40,30,5,-1,
4009,4521,0.8032569289207458,H,40,30,5,-1,
7139,5272,0.8032422065734863,H,40,30,1,-1,
3912,4631,0.8029605150222778,H,40,30,5,-1,
4455,4526,0.802758514881134,H,40,30,1,-1,
4097,6087,0.8027467131614685,H,40,30,3,-1,
8490,5851,0.8021115660667419,V,30,40,0,-1,
2153,7692,0.8013954758644104,H,40,30,7,-1,IORQ
2155,3585,0.8008666634559631,H,40,30,7,-1,BD2
3536,3068,0.8007164001464844,V,30,40,0,-1,
3492,3774,0.800704836845398,V,30,40,0,-1,
8447,5851,0.8001976609230042,V,30,40,0,-1,
5260,6855,0.7999653816223145,H,40,30,1,-1,
7840,8059,0.7997174263000488,V,30,40,0,-1,RST_N
4782,6131,0.7988645434379578,H,40,30,0,-1,
6379,5275,0.7981638312339783,H,40,30,1,-1,
8575,5141,0.7937124371528625,V,30,40,3,-1,
6279,3884,0.7925465703010559,H,40,30,3,-1,
8575,5850,0.7921097874641418,V,30,40,1,-1,
7299,5271,0.7914631962776184,H,40,30,5,-1,
4755,6685,0.7912061810493469,H,40,30,5,-1,
8046,6859,0.7893587350845337,H,40,30,1,-1,
3567,8055,0.7891901135444641,V,30,40,8,-1,
6678,5981,0.7891767024993896,H,40,30,1,-1,
4441,6965,0.7886887788772583,H,40,30,5,-1,
4148,6855,0.786726713180542,H,40,30,1,-1,
7294,6311,0.7854018211364746,V,30,40,0,-1,
6743,4355,0.7843314409255981,H,40,30,6,-1,
3400,4634,0.7841326594352722,H,40,30,0,-1,
5380,7009,0.7838220596313477,H,40,30,3,-1,
4997,4633,0.7837800979614258,H,40,30,3,-1,
4269,3926,0.7833648324012756,H,40,30,3,-1,
3836,2901,0.7827730774879456,H,40,30,8,-1,
8490,4320,0.7816107273101807,V,30,40,1,-1,
5419,6854,0.7793794870376587,H,40,30,5,-1,
5437,3071,0.7787047028541565,H,40,30,1,-1,
6458,6855,0.7777111530303955,H,40,30,1,-1,
8533,5337,0.777019739151001,V,30,40,0,-1,
6678,5809,0.7768257856369019,H,40,30,5,-1,
7403,4354,0.7767902612686157,H,40,30,5,-1,
2161,2557,0.7767766118049622,H,40,30,7,-1,BD0
6277,7051,0.7766050696372986,H,40,30,0,-1,
5721,6088,0.7761815190315247,H,40,30,0,-1,
5631,4357,0.7758623957633972,H,40,30,8,-1,
4654,3350,0.7758583426475525,H,40,30,0,-1,
7745,5102,0.7758353352546692,H,40,30,5,-1,
4307,5104,0.7755008935928345,H,40,30,8,-1,
5965,3605,0.774969220161438,H,40,30,1,-1,
5864,6686,0.7746801376342773,H,40,30,5,-1,
6445,6689,0.7745676636695862,H,40,30,8,-1,
7554,2902,0.7745543718338013,H,40,30,8,-1,
8575,4321,0.774380624294281,V,30,40,0,-1,
3577,5978,0.7713271379470825,V,30,40,0,-1,
3488,3021,0.7706547379493713,H,40,30,4,-1,
4602,2900,0.7704749703407288,H,40,30,4,-1,
7061,6859,0.770282506942749,H,40,30,1,-1,
6618,6854,0.7683249711990356,H,40,30,5,-1,
5110,7052,0.7673788666725159,H,40,30,0,-1,
5204,6687,0.7672480940818787,H,40,30,6,-1,
3792,4353,0.7656223177909851,H,40,30,5,-1,
4390,3485,0.7646592855453491,V,30,40,1,-1,
3836,4356,0.7637339234352112,H,40,30,8,-1,
8192,6689,0.7635737061500549,H,40,30,4,-1,
4008,3772,0.7632272243499756,H,40,30,5,-1,
6015,5809,0.7623772621154785,H,40,30,5,-1,
4455,3071,0.7617700695991516,H,40,30,1,-1,
4601,3604,0.7601040005683899,H,40,30,1,-1,
7090,4226,0.7586034536361694,H,40,30,5,-1,
5586,4355,0.7565794587135315,H,40,30,6,-1,
6672,4516,0.7557207942008972,V,30,40,8,-1,
8321,2901,0.7542659044265747,H,40,30,4,-1,
7550,4356,0.7525959014892578,H,40,30,4,-1,
3792,3605,0.7522190809249878,H,40,30,6,-1,
6397,4355,0.7519379258155823,H,40,30,1,-1,
6059,5813,0.7514575123786926,H,40,30,8,-1,
8372,7010,0.7506284713745117,H,40,30,0,-1,
5760,5105,0.7505387663841248,H,40,30,8,-1,
4602,4355,0.7500494122505188,H,40,30,4,-1,
6401,6687,0.7498859763145447,H,40,30,6,-1,
4777,2899,0.7485756874084473,H,40,30,6,-1,
5715,5102,0.7473618388175964,H,40,30,5,-1,
6959,4523,0.7439000606536865,H,40,30,3,-1,
7013,5265,0.7434982657432556,V,30,40,8,-1,
3614,4686,0.7428168654441833,H,40,30,1,-1,
6011,6687,0.7426719665527344,H,40,30,1,-1,
3721,3766,0.74265456199646,V,30,40,8,-1,
4191,5263,0.7423667311668396,V,30,40,8,-1,
5054,5271,0.7420542240142822,V,30,40,8,-1,
3836,3607,0.7419569492340088,H,40,30,8,-1,
4135,6689,0.7415552735328674,H,40,30,8,-1,
5583,2899,0.7408842444419861,H,40,30,1,-1,
7438,3061,0.7402449250221252,V,30,40,8,-1,
3720,4515,0.73935866355896,V,30,40,8,-1,
3791,2899,0.7389581799507141,H,40,30,6,-1,
5248,6689,0.7385858297348022,H,40,30,8,-1,
6305,5225,0.7364959120750427,V,30,40,8,-1,
4263,5101,0.735702395439148,H,40,30,5,-1,
6526,5104,0.7336282134056091,H,40,30,4,-1,
7310,6849,0.7335144877433777,V,30,40,8,-1,
5636,6857,0.7334917783737183,H,40,30,8,-1,
5944,5969,0.7324946522712708,V,30,40,8,-1,
5072,5103,0.7322424650192261,H,40,30,1,-1,
7083,5103,0.7312417030334473,H,40,30,5,-1,
6807,5977,0.729986310005188,V,30,40,8,-1,
8448,6311,0.7299244403839111,V,30,40,3,-1,
8100,3022,0.7297520041465759,V,30,40,8,-1,
4381,3726,0.7286632657051086,V,30,40,8,-1,
4091,6687,0.7262847423553467,H,40,30,6,-1,
4019,6848,0.725287675857544,V,30,40,8,-1,
5212,3068,0.7231248021125793,H,40,30,4,-1,
7893,5104,0.7230641841888428,H,40,30,4,-1,
6578,6966,0.7229862809181213,H,40,30,3,-1,
8324,5928,0.72281813621521,H,40,30,8,-1,
7127,5106,0.7227962017059326,H,40,30,8,-1,
5363,3021,0.7190679311752319,V,30,40,8,-1,
4852,5224,0.718892514705658,V,30,40,8,-1,
6953,6602,0.7182183265686035,H,40,30,4,-1,
7510,2901,0.7181776165962219,H,40,30,6,-1,
7207,6688,0.7181466817855835,H,40,30,1,-1,
6379,4523,0.7172678709030151,V,30,40,8,-1,
6825,5811,0.7172553539276123,H,40,30,4,-1,
6989,6809,0.7172070741653442,V,30,40,8,-1,
4821,2901,0.7152500748634338,H,40,30,8,-1,
6000,5970,0.7151669263839722,V,30,40,5,-1,
6728,4516,0.7151400446891785,V,30,40,5,-1,
7439,6856,0.714974045753479,H,40,30,1,-1,
6836,6856,0.7147025465965271,H,40,30,4,-1,
4226,4524,0.7144039869308472,H,40,30,8,-1,
6705,3521,0.7139334082603455,H,40,30,0,-1,
6161,4527,0.7136843204498291,H,40,30,3,-1,
6416,5927,0.713659942150116,V,30,40,8,-1,
6386,6848,0.7133369445800781,V,30,40,5,-1,
7655,5276,0.7129359841346741,H,40,30,3,-1,
7494,3063,0.7122506499290466,V,30,40,1,-1,
6150,5272,0.7116677761077881,H,40,30,1,-1,
5189,6848,0.710400402545929,V,30,40,5,-1,
3776,3767,0.7100538015365601,V,30,40,1,-1,
5565,3067,0.7092400193214417,V,30,40,8,-1,
8661,5295,0.7086478471755981,V,30,40,0,-1,
7972,6810,0.7084426283836365,V,30,40,8,-1,
6714,5926,0.7082176804542542,H,40,30,8,-1,
7671,5225,0.7081539630889893,V,30,40,8,-1,
5586,5929,0.7076059579849243,H,40,30,8,-1,
7591,4524,0.7063394784927368,V,30,40,5,-1,
7175,4525,0.7052631974220276,H,40,30,8,-1,
8538,6806,0.7046974301338196,H,40,30,8,-1,
6787,4357,0.704112708568573,H,40,30,8,-1,
7381,6688,0.7037834525108337,H,40,30,6,-1,
7041,5929,0.7026200294494629,H,40,30,8,-1,
6023,4524,0.702226459980011,H,40,30,4,-1,
7817,6856,0.7021482586860657,H,40,30,1,-1,
8110,5221,0.7014249563217163,H,40,30,8,-1,
4644,4523,0.701371431350708,V,30,40,5,-1,
4192,3017,0.7013095021247864,V,30,40,8,-1,
5643,5264,0.6998292803764343,V,30,40,8,-1,
5791,6809,0.6995819807052612,V,30,40,8,-1,
3720,3060,0.6995364427566528,V,30,40,8,-1,
7482,5222,0.6991772055625916,V,30,40,8,-1,
5987,4473,0.6976726055145264,V,30,40,8,-1,
7955,6860,0.6970614790916443,H,40,30,3,-1,
6289,5275,0.6959455609321594,H,40,30,1,-1,
7329,4477,0.6953773498535156,V,30,40,8,-1,
4397,2856,0.6950002908706665,H,40,30,0,-1,
7516,5274,0.6947548985481262,H,40,30,8,-1,
6604,5931,0.6939706206321716,V,30,40,8,-1,
6743,5221,0.6938512325286865,H,40,30,8,-1,
6589,5981,0.6934627294540405,H,40,30,1,-1,
6801,6805,0.6933326721191406,V,30,40,8,-1,
3776,3061,0.6928818225860596,V,30,40,1,-1,
6116,5221,0.692592442035675,V,30,40,8,-1,
4644,3068,0.6919654011726379,V,30,40,5,-1,
8081,6805,0.6914213299751282,H,40,30,8,-1,
4192,3722,0.6911948919296265,V,30,40,8,-1,
6451,5978,0.6911036372184753,H,40,30,4,-1,
4584,3772,0.6908300518989563,V,30,40,8,-1,
8174,6856,0.690008282661438,V,30,40,8,-1,
4584,4522,0.6895343065261841,V,30,40,8,-1,
3451,3068,0.6894009709358215,V,30,40,1,-1,
7140,4473,0.6893573999404907,V,30,40,8,-1,
7782,6806,0.6889758706092834,V,30,40,8,-1,
5699,5266,0.688901960849762,V,30,40,1,-1,
6866,5979,0.688898503780365,V,30,40,6,-1,
4691,5927,0.6888247132301331,H,40,30,8,-1,
4901,6687,0.6878727078437805,H,40,30,1,-1,
7381,3019,0.6878513097763062,H,40,30,8,-1,
4681,6808,0.6872146725654602,V,30,40,8,-1,
8302,3068,0.6863604784011841,V,30,40,8,-1,
6973,6859,0.6862831711769104,H,40,30,3,-1,
4665,6859,0.6860286593437195,H,40,30,3,-1,
6315,3017,0.6858434677124023,H,40,30,8,-1,
4170,3519,0.6853395700454712,H,40,30,4,-1,
4192,4472,0.6852471232414246,V,30,40,8,-1,
5625,3068,0.6849848628044128,V,30,40,6,-1,
4836,5275,0.6849148869514465,H,40,30,3,-1,
4381,3021,0.6846508979797363,V,30,40,8,-1,
5203,3722,0.6836172938346863,H,40,30,0,-1,
5160,4306,0.6835183501243591,V,30,40,1,-1,
7946,3069,0.6834632158279419,H,40,30,4,-1,
4082,3010,0.6833357810974121,V,30,40,7,-1,
7367,6849,0.6830919981002808,V,30,40,5,-1,
5571,4518,0.6828728318214417,V,30,40,1,-1,
7211,3018,0.6825168132781982,H,40,30,8,-1,
4083,3715,0.6816344857215881,V,30,40,7,-1,
3827,6644,0.6812853813171387,H,40,30,1,-1,
7938,4474,0.6812359690666199,H,40,30,8,-1,
7874,5272,0.681035578250885,V,30,40,8,-1,
4883,6855,0.6806064248085022,V,30,40,8,-1,
5800,3018,0.6803613901138306,H,40,30,8,-1,
9684,2538,0.6799867153167725,H,40,30,8,-1,
6176,4477,0.6798672080039978,V,30,40,8,-1,
3664,3724,0.6796927452087402,H,40,30,8,-1,
4365,3776,0.6796154975891113,H,40,30,3,-1,
8210,3016,0.6794162392616272,H,40,30,8,-1,
5204,5928,0.6775336265563965,H,40,30,8,-1,
4288,5920,0.6772931814193726,V,30,40,8,-1,
4526,6857,0.6770777702331543,H,40,30,8,-1,
5493,6799,0.6770280599594116,V,30,40,7,-1,
5660,7833,0.6765773296356201,H,40,30,8,-1,
8362,3069,0.676552951335907,V,30,40,5,-1,
4365,4526,0.6764683723449707,H,40,30,3,-1,
6337,7099,0.6764320731163025,H,40,30,8,-1,
6504,7453,0.6761152148246765,V,30,40,8,-1,
5901,6803,0.6748206615447998,H,40,30,8,-1,
4761,3062,0.6747114658355713,V,30,40,1,-1,
6913,5223,0.6746307015419006,H,40,30,8,-1,
4791,6802,0.6745042204856873,H,40,30,8,-1,
6415,5219,0.6742258667945862,H,40,30,8,-1,
7373,5215,0.673546314239502,V,30,40,7,-1,
5133,6848,0.6729573607444763,V,30,40,8,-1,
3706,5221,0.6714611649513245,H,40,30,8,-1,
5068,3010,0.6705092787742615,V,30,40,7,-1,
7438,4472,0.6703630089759827,H,40,30,8,-1,
3776,4515,0.6697790026664734,V,30,40,5,-1,
7033,4466,0.6697595119476318,V,30,40,7,-1,
7911,3018,0.6691202521324158,V,30,40,8,-1,
5676,3716,0.668830394744873,V,30,40,8,-1,
6486,5320,0.668524980545044,H,40,30,0,-1,
4698,5271,0.6679128408432007,H,40,30,1,-1,
5920,3773,0.6678852438926697,H,40,30,1,-1,
4644,3773,0.6675572395324707,V,30,40,5,-1,
5515,4516,0.6674938797950745,V,30,40,8,-1,
4391,5926,0.6662144064903259,H,40,30,8,-1,
4227,3068,0.66597580909729,H,40,30,4,-1,
6692,6799,0.6657643914222717,V,30,40,7,-1,
4422,8057,0.6647175550460815,V,30,40,6,-1,
5775,6859,0.6644283533096313,H,40,30,1,-1,
6615,4473,0.6641885638237,H,40,30,8,-1,
8084,3072,0.6636890172958374,H,40,30,3,-1,
4383,6798,0.6635457873344421,V,30,40,7,-1,
4075,6849,0.6630604863166809,V,30,40,1,-1,
6439,4524,0.6629856824874878,V,30,40,5,-1,
5873,7099,0.6629112958908081,H,40,30,8,-1,
6764,6857,0.6625210046768188,H,40,30,8,-1,
4134,5220,0.6623804569244385,H,40,30,8,-1,
5586,5221,0.6612585186958313,H,40,30,8,-1,
3920,5927,0.660829484462738,H,40,30,8,-1,
4365,3071,0.6600362062454224,H,40,30,3,-1,
3959,3928,0.6599304676055908,H,40,30,8,-1,
7673,6799,0.6590093970298767,V,30,40,7,-1,
7801,3012,0.6587840914726257,V,30,40,7,-1,
4705,3060,0.6583040356636047,V,30,40,8,-1,
4226,3774,0.6574012637138367,H,40,30,8,-1,
8281,7041,0.6571423411369324,V,30,40,6,-1,
4552,6907,0.6571118831634521,H,40,30,8,-1,
5176,3017,0.656080424785614,V,30,40,8,-1,
4247,5264,0.6560682654380798,V,30,40,5,-1,
8490,5024,0.6560196876525879,V,30,40,0,-1,
6006,5215,0.6556053757667542,V,30,40,7,-1,
6054,6856,0.6554695963859558,V,30,40,5,-1,
5780,7099,0.6554613709449768,H,40,30,8,-1,
7781,5220,0.6552484631538391,H,40,30,8,-1,
7313,4527,0.6542923450469971,H,40,30,3,-1,
6244,7098,0.6537342071533203,H,40,30,8,-1,
5993,6855,0.6535055637359619,V,30,40,8,-1,
6330,6848,0.6524434685707092,V,30,40,8,-1,
8050,3717,0.651763379573822,V,30,40,8,-1,
6308,7833,0.6514869332313538,H,40,30,8,-1,
4491,4471,0.6512084603309631,H,40,30,8,-1,
5661,6907,0.6510849595069885,H,40,30,8,-1,
4663,5220,0.6508147716522217,V,30,40,8,-1,
5878,4466,0.6504285931587219,V,30,40,7,-1,
5315,5221,0.6503778100013733,H,40,30,8,-1,
9556,2450,0.71,V,30,40,-2,-1,MUX
2200,3120,0.71,H,40,30,-2,-1,VCC_1
2200,4576,0.71,H,40,30,-2,-1,VCC_2
2200,5108,0.71,H,40,30,-2,-1,VCC_3
2200,6032,0.71,H,40,30,-2,-1,VCC_4
2200,7176,0.71,H,40,30,-2,-1,VCC_5
2156,2724,0.71,H,40,30,-2,-1,BD1
2156,5295,0.71,H,40,30,-2,-1,BWR
2200,8070,0.71,H,40,30,-2,-1,DMA
3564,8052,0.71,H,40,30,-2,-1,BUVRQ_N
4420,8048,0.71,H,40,30,-2,-1,EOVEN_N
5408,8052,0.71,H,40,30,-2,-1,VETRST_N
6288,8052,0.71,H,40,30,-2,-1,GVD
9356,6745,0.71,H,40,30,-2,-1,GVD_1
9356,5909,0.71,H,40,30,-2,-1,GVD_2
9356,5081,0.71,H,40,30,-2,-1,GVD_3
9356,4412,0.71,H,40,30,-2,-1,GVD_4
9356,3288,0.71,H,40,30,-2,-1,GVD_5
9356,2956,0.71,H,40,30,-2,-1,GVD_6
9700,8010,0.71,H,40,30,-2,-1,AUXROMCV_N
9620,8060,0.71,H,40,30,-2,-1,ADDRBUFEV_N
9420,7520,0.71,H,40,30,-2,-1,BOOTROMCV_N
9680,2780,0.71,H,40,30,-2,-1,BM1
9612,2736,0.71,H,40,30,-2,-1,BPHI
